Verb;;abdecken ;ich decke ab / ich deckte ab / ich habe abgedeckt;pokriti / obuhvatiti / uključivati;Postavljamo stol za večeru.;Wir decken den Tisch für das Abendessen ab.;Wir deckten den Tisch für das Abendessen ab.;Wir haben den Tisch für das Abendessen abgedeckt.
Verb;;abfeuern ;ich feuere ab / ich feuerte ab / ich habe abgefeuert;okinuti / opaliti / pucati;Vojnik ispaljuje svoje oružje.;Der Soldat feuert seine Waffe ab.;Der Soldat feuerte seine Waffe ab.;Der Soldat hat seine Waffe abgefeuert.
Verb;;akzeptieren;ich akzeptiere / ich akzeptierte / ich habe akzeptiert;prihvatiti;Ona prihvaća ponudu za posao.;Sie akzeptiert das Jobangebot.;Sie akzeptierte das Jobangebot.;Sie hat das Jobangebot akzeptiert.
Verb;;ändern;ich ändere / ich änderte / ich habe geändert;promijeniti;Mijenjamo planove za projekt.;Wir ändern die Pläne für das Projekt.;Wir änderten die Pläne für das Projekt.;Wir haben die Pläne für das Projekt geändert.
Verb;;anfangen;ich fange an / ich fing an / ich habe angefangen;početi;Film počinje u 20 sati.;Der Film fängt um 20 Uhr an.;Der Film fing um 20 Uhr an.;Der Film hat um 20 Uhr angefangen.
Verb;;ankommen;ich komme an / ich kam an / ich bin angekommen;stići;Vlak stiže za pet minuta.;Der Zug kommt in fünf Minuten an.;Der Zug kam in fünf Minuten an.;Der Zug ist in fünf Minuten angekommen.
Verb;;anprobieren;ich probiere an / ich probierte an / ich habe anprobiert;isprobati;Isprobavam ovu jaknu.;Ich probiere diese Jacke an.;Ich probierte diese Jacke an.;Ich habe diese Jacke anprobiert.
Verb;;anschauen;ich schaue an / ich schaute an / ich habe angeschaut;pogledati na;Gledamo film.;Wir schauen uns einen Film an.;Wir schauten uns einen Film an.;Wir haben uns einen Film angeschaut.
Verb;;anschreiben;ich schreibe an / ich schrieb an / ich habe angeschrieben;obratiti se pisanim putem;Pišem klijentu.;Ich schreibe den Kunden an.;Ich schrieb den Kunden an.;Ich habe den Kunden angeschrieben.
Verb;;antworten;ich antworte / ich antwortete / ich habe geantwortet;odgovoriti;Još nije odgovorio na moj e-mail.;Er antwortet noch nicht auf meine E-Mail.;Er antwortete noch nicht auf meine E-Mail.;Er hat noch nicht auf meine E-Mail geantwortet.
Verb;;anzünden;ich zünde an / ich zündete an / ich habe angezündet;upaliti;Pali svijeću šibicom.;Er zündet die Kerze mit einem Streichholz an.;Er zündete die Kerze mit einem Streichholz an.;Er hat die Kerze mit einem Streichholz angezündet.
Verb;;arbeiten;ich arbeite / ich arbeitete / ich habe gearbeitet;raditi;Radi kao učiteljica u osnovnoj školi.;Sie arbeitet als Lehrerin an einer Grundschule.;Sie arbeitete als Lehrerin an einer Grundschule.;Sie hat als Lehrerin an einer Grundschule gearbeitet.
Verb;;atmen;ich atme / ich atmete / ich habe geatmet;disati;Udahneš duboko prije nego što nastaviš pričati.;Du atmest tief durch, bevor du weitersprichst.;Du atmetest tief durch, bevor du weitersprachst.;Du hast tief durchgeatmet, bevor du weitersprachst.
Verb;;aufladen;ich lade auf / ich lud auf / ich habe aufgeladen;napuniti / natovariti / nametnuti;Punim mobitel, baterija je skoro prazna.;Ich lade mein Handy auf, der Akku ist fast leer.;Ich lud mein Handy auf, der Akku war fast leer.;Ich habe mein Handy aufgeladen, der Akku war fast leer.
Verb;;aufpassen;ich passe auf / ich passte auf / ich habe aufgepasst;paziti / pripaziti;Paziš na djecu dok mene nema.;Du passt auf die Kinder auf, während ich weg bin.;Du passtest auf die Kinder auf, während ich weg war.;Du hast auf die Kinder aufgepasst, während ich weg war.
Verb;;aufräumen;ich räume auf / ich räumte auf / ich habe aufgeräumt;srediti / pospremiti;Pospremamo sobu prije posjeta.;Wir räumen das Zimmer vor dem Besuch auf.;Wir räumten das Zimmer vor dem Besuch auf.;Wir haben das Zimmer vor dem Besuch aufgeräumt.
Verb;;aufrechterhalten ;ich erhalte aufrecht / ich erhielt aufrecht / ich habe aufrechterhalten;održati / održavati;Održava svoju fitness rutinu.;Er hält seine Fitnessroutine aufrecht.;Er hielt seine Fitnessroutine aufrecht.;Er hat seine Fitnessroutine aufrechterhalten.
Verb;;aufschreiben;ich schreibe auf / ich schrieb auf / ich habe aufgeschrieben;zapisati;Zapisuješ termin.;Du schreibst den Termin auf.;Du schriebst den Termin auf.;Du hast den Termin aufgeschrieben.
Verb;;aufstehen;ich stehe auf / ich stand auf / ich bin aufgestanden;ustati;Svakog jutra ustajem u 7 sati.;Jeden Morgen stehe ich um 7 Uhr auf.;Jeden Morgen stand ich um 7 Uhr auf.;Jeden Morgen bin ich um 7 Uhr aufgestanden.
Verb;;aufwachen;ich wache auf / ich wachte auf / ich bin aufgewacht;probuditi (se);Budim se svako jutro bez budilice.;Ich wache jeden Morgen ohne Wecker auf.;Ich wachte jeden Morgen ohne Wecker auf.;Ich bin jeden Morgen ohne Wecker aufgewacht.
Verb;;ausgeben;ich gebe aus / ich gab aus / ich habe ausgegeben;potrošiti;Troši puno novca na odjeću.;Sie gibt viel Geld für Kleidung aus.;Sie gab viel Geld für Kleidung aus.;Sie hat viel Geld für Kleidung ausgegeben.
Verb;;ausleihen;ich leihe aus / ich lieh aus / ich habe ausgeliehen;posuditi;Posuđujem tvoju knjigu na tjedan dana.;Ich leihe mir dein Buch für eine Woche aus.;Ich lieh mir dein Buch für eine Woche aus.;Ich habe mir dein Buch für eine Woche ausgeliehen.
Verb;;ausmachen;ich mache aus / ich machte aus / ich habe ausgemacht;ugasiti / isključiti;Gasiš svjetlo.;Du machst das Licht aus.;Du machtest das Licht aus.;Du hast das Licht ausgemacht.
Verb;;aussehen;ich sehe aus / ich sah aus / ich habe ausgesehen;izgledati;Izgledaš stvarno dobro danas!;Du siehst heute wirklich gut aus!;Du sahst heute wirklich gut aus!;Du hast heute wirklich gut ausgesehen!
Verb;;auswählen ;ich wähle aus / ich wählte aus / ich habe ausgewählt;izabrati / odabrati;Biramo novog predsjednika.;Wir wählen einen neuen Präsidenten aus.;Wir wählten einen neuen Präsidenten aus.;Wir haben einen neuen Präsidenten ausgewählt.
Verb;;ausziehen;ich ziehe aus / ich zog aus / ich bin ausgezogen;skinuti (se);Skida jaknu jer je pretoplo.;Sie zieht ihre Jacke aus, weil es zu warm ist.;Sie zog ihre Jacke aus, weil es zu warm war.;Sie hat ihre Jacke ausgezogen, weil es zu warm war.
Verb;;backen;ich backe / ich buk / ich habe gebacken;peći / ispeći;Sutra pečem kolač.;Ich backe morgen einen Kuchen.;Ich backte (oder buk) einen Kuchen.;Ich habe einen Kuchen gebacken.
Verb;;baden ;ich bade / ich badete / ich habe gebadet;kupati (se);Djeca se kupaju u jezeru.;Die Kinder baden im See.;Die Kinder badeten im See.;Die Kinder haben im See gebadet.
Verb;;bauen;ich baue / ich baute / ich habe gebaut;graditi / praviti;Planiramo sljedeće godine izgraditi kuću.;Wir bauen nächstes Jahr ein Haus.;Wir bauten nächstes Jahr ein Haus.;Wir haben nächstes Jahr ein Haus gebaut.
Verb;;beabsichtigen;ich beabsichtige / ich beabsichtigte / ich habe beabsichtigt;namjeravati;Namjeravam putovati sljedeće godine.;Ich beabsichtige, im nächsten Jahr zu reisen.;Ich beabsichtigte, im nächsten Jahr zu reisen.;Ich habe beabsichtigt, im nächsten Jahr zu reisen.
Verb;;beachten ;ich beachte / ich beachtete / ich habe beachtet;paziti / uvažiti / obratiti pozornost na;Poštuješ pravila tijekom događaja.;Du beachtest die Regeln während der Veranstaltung.;Du beachtestest die Regeln während der Veranstaltung.;Du hast die Regeln während der Veranstaltung beachtet.
Verb;;beantragen;ich beantrage / ich beantragte / ich habe beantragt;potražiti / zatražiti / predložiti;Podnosi zahtjev za vizu za SAD.;Er beantragt ein Visum für die USA.;Er beantragte ein Visum für die USA.;Er hat ein Visum für die USA beantragt.
Verb;;bedeuten ;es bedeutet / es bedeutete / es hat bedeutet;značiti;Što ova riječ znači na engleskom?;Was bedeutet dieses Wort auf Englisch?;Was bedeutete dieses Wort auf Englisch?;Was hat dieses Wort auf Englisch bedeutet?
Verb;;beeinträchtigen ;ich beeinträchtige / ich beeinträchtigte / ich habe beeinträchtigt;smetati / ometati / krnjiti / okrnjiti;Buka ometa koncentraciju.;Lärm beeinträchtigt die Konzentration.;Lärm beeinträchtigte die Konzentration.;Lärm hat die Konzentration beeinträchtigt.
Verb;;beenden;ich beende / ich beendete / ich habe beendet;završiti;Završavamo projekt do petka.;Wir beenden das Projekt bis Freitag.;Wir beendeten das Projekt bis Freitag.;Wir haben das Projekt bis Freitag beendet.
Verb;;begegnen ;ich begegne / ich begegnete / ich bin begegnet;sresti / suočiti;Slučajno ga srećem na ulici.;Ich begegne ihm zufällig auf der Straße.;Ich begegnete ihm zufällig auf der Straße.;Ich bin ihm zufällig auf der Straße begegnet.
Verb;;beginnen ;ich beginne / ich begann / ich habe begonnen;početi;Tečaj počinje sljedeći ponedjeljak.;Der Kurs beginnt nächsten Montag.;Der Kurs begann nächsten Montag.;Der Kurs hat nächsten Montag begonnen.
Verb;;begrüßen;ich begrüße / ich begrüßte / ich habe begrüßt;pozdraviti;Srdačno pozdravljate nove zaposlenike.;Sie begrüßen die neuen Mitarbeiter herzlich.;Sie begrüßten die neuen Mitarbeiter herzlich.;Sie haben die neuen Mitarbeiter herzlich begrüßt.
Verb;;beheben ;ich behebe / ich behob / ich habe behoben;otkloniti / odstraniti / ukloniti;Tehničar brzo otklanja kvar.;Der Techniker behebt den Fehler schnell.;Der Techniker behob den Fehler schnell.;Der Techniker hat den Fehler schnell behoben.
Verb;;bekommen;ich bekomme / ich bekam / ich habe bekommen;dobiti / primiti;Dobivam poklon od svoje djevojke.;Ich bekomme ein Geschenk von meiner Freundin.;Ich bekam ein Geschenk von meiner Freundin.;Ich habe ein Geschenk von meiner Freundin bekommen.
Verb;;bemerken;ich bemerke / ich bemerkte / ich habe bemerkt;primijetiti / zapaziti;Primjećuješ promjenu u njegovom držanju.;Du bemerkst die Veränderung in seiner Haltung.;Du bemerktest die Veränderung in seiner Haltung.;Du hast die Veränderung in seiner Haltung bemerkt.
Verb;;benachrichtigen;ich benachrichtige / ich benachrichtigte / ich habe benachrichtigt;obavijestiti;Obavještavam te čim imam novosti.;Ich benachrichtige dich, sobald ich Neuigkeiten habe.;Ich benachrichtigte dich, sobald ich Neuigkeiten hatte.;Ich habe dich benachrichtigt, sobald ich Neuigkeiten hatte.
Verb;;benutzen;ich benutze / ich benutzte / ich habe benutzt;iskoristiti / upogoniti;Kratko koristim tvoj mobitel.;Ich benutze dein Handy kurz.;Ich benutzte dein Handy kurz.;Ich habe dein Handy kurz benutzt.
Verb;;beraten ;ich berate / ich beriet / ich habe beraten;savjetovati;Prodavač nas jako dobro savjetuje.;Der Verkäufer berät uns sehr gut.;Der Verkäufer beriet uns sehr gut.;Der Verkäufer hat uns sehr gut beraten.
Verb;;berechnen;ich berechne / ich berechnete / ich habe berechnet;proračunati / izračunati;Inženjer izračunava troškove projekta.;Der Ingenieur berechnet die Kosten für das Projekt.;Der Ingenieur berechnete die Kosten für das Projekt.;Der Ingenieur hat die Kosten für das Projekt berechnet.
Verb;;bereisen;ich bereise / ich bereiste / ich habe bereist;putovati;Sljedeće godine putujemo po Europi.;Wir bereisen nächstes Jahr Europa.;Wir bereisten nächstes Jahr Europa.;Wir haben nächstes Jahr Europa bereist.
Verb;;berichten;ich berichte / ich berichtete / ich habe berichtet;izvještavati;Novine izvještavaju o incidentu.;Die Zeitung berichtet über den Vorfall.;Die Zeitung berichtete über den Vorfall.;Die Zeitung hat über den Vorfall berichtet.
Verb;;berühren;ich berühre / ich berührte / ich habe berührt;dirati;Ne diraš umjetnine u muzeju.;Du berührst die Kunstwerke im Museum nicht.;Du berührtest die Kunstwerke im Museum nicht.;Du hast die Kunstwerke im Museum nicht berührt.
Verb;;beschäftigen;ich beschäftige / ich beschäftigte / ich habe beschäftigt;zauzeti / zaokupiti / zaposliti;U slobodno vrijeme bavi se vrtlarstvom.;Er beschäftigt sich in seiner Freizeit mit Gartenarbeit.;Er beschäftigte sich in seiner Freizeit mit Gartenarbeit.;Er hat sich in seiner Freizeit mit Gartenarbeit beschäftigt.
Verb;;beschreiben;ich beschreibe / ich beschrieb / ich habe beschrieben;opisati;Detaljnije mi opisuješ problem.;Du beschreibst mir das Problem genauer.;Du beschriebst mir das Problem genauer.;Du hast mir das Problem genauer beschrieben.
Verb;;besetzen ;ich besetze / ich besetzte / ich habe besetzt;podijeliti uloge / zauzeti / zaposjednuti / opšiti;Zauzeli su slobodno mjesto.;Ich besetze den freien Platz.;Ich besetzte den freien Platz.;Ich habe den freien Platz besetzt.
Verb;;besitzen ;ich besitze / ich besaß / ich habe besessen;posjedovati / imati;Posjedovali su veliku kuću.;Sie besitzen ein großes Haus.;Sie besaßen ein großes Haus.;Sie haben ein großes Haus besessen.
Verb;;besorgen;ich besorge / ich besorgte / ich habe besorgt;pobrinuti se / nabaviti;Nabavio je hranu za zabavu.;Er besorgt das Essen für die Party.;Er besorgte das Essen für die Party.;Er hat das Essen für die Party besorgt.
Verb;;bestätigen;ich bestätige / ich bestätigte / ich habe bestätigt;potvrditi;Potvrdili smo termin.;Wir bestätigen den Termin.;Wir bestätigten den Termin.;Wir haben den Termin bestätigt.
Verb;;bestehen ;ich bestehe / ich bestand / ich habe bestanden;postojati / biti / položiti;Problem još uvijek postoji.;Das Problem besteht noch immer.;Das Problem bestand noch immer.;Das Problem hat noch immer bestanden.
Verb;;bestellen;ich bestelle / ich bestellte / ich habe bestellt;naručiti;Naručio sam novu knjigu.;Ich bestelle ein neues Buch.;Ich bestellte ein neues Buch.;Ich habe ein neues Buch bestellt.
Verb;;besuchen;ich besuche / ich besuchte / ich habe besucht;posjetiti;Posjetila je svoje bake i djedove za vikend.;Sie besucht ihre Großeltern am Wochenende.;Sie besuchte ihre Großeltern am Wochenende.;Sie hat ihre Großeltern am Wochenende besucht.
Verb;;bewegen;ich bewege / ich bewegte / ich habe bewegt;kretati / krenuti / pomaknuti / maknuti;Pomjerio je stol do zida.;Er bewegt den Tisch an die Wand.;Er bewegte den Tisch an die Wand.;Er hat den Tisch an die Wand bewegt.
Verb;;bewundern;ich bewundere / ich bewunderte / ich habe bewundert;diviti (se);Divim se tvojoj strpljivosti.;Ich bewundere deine Geduld.;Ich bewunderte deine Geduld.;Ich habe deine Geduld bewundert.
Verb;;bezahlen;ich bezahle / ich bezahlte / ich habe bezahlt;platiti;Odmah su platili račun.;Sie bezahlen die Rechnung sofort.;Sie bezahlten die Rechnung sofort.;Sie haben die Rechnung sofort bezahlt.
Verb;;bieten ;ich biete / ich bot / ich habe geboten;nuditi / ponuditi;Ponudio je svoju pomoć.;Er bietet seine Hilfe an.;Er bot seine Hilfe an.;Er hat seine Hilfe angeboten.
Verb;;bleiben;ich bleibe / ich blieb / ich bin geblieben;ostati;Danas ostajemo kod kuće.;Wir bleiben heute zu Hause.;Wir blieben heute zu Hause.;Wir sind heute zu Hause geblieben.
Verb;;brauchen;ich brauche / ich brauchte / ich habe gebraucht;trebati (nešto);Trebam tvoju podršku.;Ich brauche deine Unterstützung.;Ich brauchte deine Unterstützung.;Ich habe deine Unterstützung gebraucht.
Verb;;bringen;ich bringe / ich brachte / ich habe gebracht;ponjeti;Donijela mi je kavu.;Sie bringt mir einen Kaffee.;Sie brachte mir einen Kaffee.;Sie hat mir einen Kaffee gebracht.
Verb;;buchen ;ich buche / ich buchte / ich habe gebucht;uknjižiti / bukirati / rezervirati;Rezervirali smo putovanje online.;Wir buchen die Reise online.;Wir buchten die Reise online.;Wir haben die Reise online gebucht.
Verb;;danken;ich danke / ich dankte / ich habe gedankt;zahvaliti;Hvala ti na pomoći.;Ich danke dir für deine Hilfe.;Ich dankte dir für deine Hilfe.;Ich habe dir für deine Hilfe gedankt.
Verb;;dauern;es dauert / es dauerte / es hat gedauert;trajati;Koncert je trajao dva sata.;Das Konzert dauert zwei Stunden.;Das Konzert dauerte zwei Stunden.;Das Konzert hat zwei Stunden gedauert.
Verb;;denken;ich denke / ich dachte / ich habe gedacht;misliti;Često mislim na svoje djetinjstvo.;Ich denke oft an meine Kindheit.;Ich dachte oft an meine Kindheit.;Ich habe oft an meine Kindheit gedacht.
Verb;;dürfen;ich darf / ich durfte / ich habe gedurft;smjeti;Možeš ostati duže večeras.;Du darfst heute länger aufbleiben.;Du durftest heute länger aufbleiben.;Du hast heute länger aufbleiben dürfen.
Verb;;einführen;ich führe ein / ich führte ein / ich habe eingeführt;uvoziti / uvoditi / uputiti;Uveli smo novi sustav.;Wir führen ein neues System ein.;Wir führten ein neues System ein.;Wir haben ein neues System eingeführt.
Verb;;einkaufen;ich kaufe ein / ich kaufte ein / ich habe eingekauft;ići u kupovinu;Kupovali su u supermarketu.;Sie kaufen im Supermarkt ein.;Sie kauften im Supermarkt ein.;Sie haben im Supermarkt eingekauft.
Verb;;einladen;ich lade ein / ich lud ein / ich habe eingeladen;pozvati / uručiti poziv;Pozvao je svoje prijatelje na zabavu.;Er lädt seine Freunde zur Party ein.;Er lud seine Freunde zur Party ein.;Er hat seine Freunde zur Party eingeladen.
Verb;;einnehmen;ich nehme ein / ich nahm ein / ich habe eingenommen;uzeti;Prihvatili smo ponudu.;Wir nehmen das Angebot an.;Wir nahmen das Angebot an.;Wir haben das Angebot angenommen.
Verb;;einrichten;ich richte ein / ich richtete ein / ich habe eingerichtet;urediti / namjestiti;Preuredili su sobu.;Sie richten das Zimmer neu ein.;Sie richteten das Zimmer neu ein.;Sie haben das Zimmer neu eingerichtet.
Verb;;einschlafen;ich schlafe ein / ich schlief ein / ich bin eingeschlafen;uspavati (se) / zaspati;Odmah je zaspao.;Er schläft sofort ein.;Er schlief sofort ein.;Er ist sofort eingeschlafen.
Verb;;einsetzen;ich setze ein / ich setzte ein / ich habe eingesetzt;postaviti / namjestiti / ugraditi;Proveli smo plan.;Wir setzen den Plan um.;Wir setzten den Plan um.;Wir haben den Plan umgesetzt.
Verb;;einsteigen;ich steige ein / ich stieg ein / ich bin eingestiegen;ući / popeti se u vozilo;Ušli su u vlak.;Sie steigen in den Zug ein.;Sie stiegen in den Zug ein.;Sie sind in den Zug eingestiegen.
Verb;;einstellen ;ich stelle ein / ich stellte ein / ich habe eingestellt;postaviti / podesiti / obustaviti / prekinuti / umetnuti;Uključio je radio.;Er stellt das Radio an.;Er stellte das Radio an.;Er hat das Radio angestellt.
Verb;;eintreffen ;ich treffe ein / ich traf ein / ich bin eingetroffen;stizati / stići;Paket stiže danas.;Das Paket trifft heute ein.;Das Paket traf heute ein.;Das Paket ist heute eingetroffen.
Verb;;eintreten;ich trete ein / ich trat ein / ich bin eingetreten;ući / ulaziti;Ušli smo u sobu.;Wir treten in den Raum ein.;Wir traten in den Raum ein.;Wir sind in den Raum eingetreten.
Verb;;einziehen;ich ziehe ein / ich zog ein / ich bin eingezogen;useliti se;Uselili su se u novu stan.;Er zieht in die neue Wohnung ein.;Er zog in die neue Wohnung ein.;Er ist in die neue Wohnung eingezogen.
Verb;;empfangen;ich empfange / ich empfing / ich habe empfangen;primiti;Ljubazno su primili goste.;Sie empfangen die Gäste freundlich.;Sie empfingen die Gäste freundlich.;Sie haben die Gäste freundlich empfangen.
Verb;;empfehlen;ich empfehle / ich empfahl / ich habe empfohlen;preporuičiti;Preporučujem ti ovu knjigu.;Ich empfehle dir dieses Buch.;Ich empfahl dir dieses Buch.;Ich habe dir dieses Buch empfohlen.
Verb;;entdecken;ich entdecke / ich entdeckte / ich habe entdeckt;otkriti;Otkrih nova mjesta na putovanju.;Wir entdecken neue Orte auf der Reise.;Wir entdeckten neue Orte auf der Reise.;Wir haben neue Orte auf der Reise entdeckt.
Verb;;entkommen ;ich entkomme / ich entkam / ich bin entkommen;pobjeći / izbjeći;Pobjegli su iz zatvora.;Sie entkommen dem Gefängnis.;Sie entkamen dem Gefängnis.;Sie sind dem Gefängnis entkommen.
Verb;;entscheiden;ich entscheide / ich entschied / ich habe entschieden;odlučiti;Odlučio se za crveni auto.;Er entscheidet sich für das rote Auto.;Er entschied sich für das rote Auto.;Er hat sich für das rote Auto entschieden.
Verb;;entschuldigen;ich entschuldige / ich entschuldigte / ich habe entschuldigt;oprostiti / opravdati;Ispričavam se zbog greške.;Ich entschuldige mich für den Fehler.;Ich entschuldigte mich für den Fehler.;Ich habe mich für den Fehler entschuldigt.
Verb;;entsprechen ;ich entspreche / ich entsprach / ich habe entsprochen;odgovarati / biti jednako;Knjiga ispunjava moja očekivanja.;Das Buch entspricht meinen Erwartungen.;Das Buch entsprach meinen Erwartungen.;Das Buch hat meinen Erwartungen entsprochen.
Verb;;entstehen ;es entsteht / es entstand / es ist entstanden;nastati / postati;Pojavio se novi problem.;Ein neues Problem entsteht.;Ein neues Problem entstand.;Ein neues Problem ist entstanden.
Verb;;entwickeln ;ich entwickle / ich entwickelte / ich habe entwickelt;razvijati / razvijati;Razvijali su novi softver.;Sie entwickeln eine neue Software.;Sie entwickelten eine neue Software.;Sie haben eine neue Software entwickelt.
Verb;;erfahren;ich erfahre / ich erfuhr / ich habe erfahren;iskusiti / doznati / saznati;Saznao sam za novosti.;Ich erfahre von den Neuigkeiten.;Ich erfuhr von den Neuigkeiten.;Ich habe von den Neuigkeiten erfahren.
Verb;;ergeben ;es ergibt / es ergab / es hat ergeben;pokazati / pokazivati;Istraživanje nije donijelo nove spoznaje.;Die Untersuchung ergibt keine neuen Erkenntnisse.;Die Untersuchung ergab keine neuen Erkenntnisse.;Die Untersuchung hat keine neuen Erkenntnisse ergeben.
Verb;;erhalten;ich erhalte / ich erhielt / ich habe erhalten;primiti / dobiti;Uskoro ćeš dobiti odgovor.;Sie erhalten bald eine Antwort.;Sie erhielten bald eine Antwort.;Sie haben bald eine Antwort erhalten.
Verb;;erhöchen;ich erhöhe / ich erhöhte / ich habe erhöht;povećati;Povećali smo cijenu.;Wir erhöhen den Preis.;Wir erhöhten den Preis.;Wir haben den Preis erhöht.
Verb;;erkennen;ich erkenne / ich erkannte / ich habe erkannt;shvatiti / prepoznati;Prepoznao sam ga na fotografiji.;Ich erkenne ihn auf dem Foto.;Ich erkannte ihn auf dem Foto.;Ich habe ihn auf dem Foto erkannt.
Verb;;erklären ;ich erkläre / ich erklärte / ich habe erklärt;objasniti / rastumačiti / razjasniti / obrazložiti;Objasnio je problem detaljno.;Er erklärt das Problem ausführlich.;Er erklärte das Problem ausführlich.;Er hat das Problem ausführlich erklärt.
Verb;;erkunden ;ich erkunde / ich erkundete / ich habe erkundet;izvidjeti / istražiti;Istražili smo grad pješice.;Wir erkunden die Stadt zu Fuß.;Wir erkundeten die Stadt zu Fuß.;Wir haben die Stadt zu Fuß erkundet.
Verb;;erlauben;ich erlaube / ich erlaubte / ich habe erlaubt;dozvoliti / dopustiti;Dopustila si mi da koristim tvoj auto.;Du erlaubst mir, dein Auto zu benutzen.;Du erlaubtest mir, dein Auto zu benutzen.;Du hast mir erlaubt, dein Auto zu benutzen.
Verb;;erleben;ch erlebe / ich erlebte / ich habe erlebt;doživjeti / iskusiti;Doživjeli su uzbudljiv dan.;Sie erleben einen aufregenden Tag.;Sie erlebten einen aufregenden Tag.;Sie haben einen aufregenden Tag erlebt.
Verb;;erledigen;ich erledige / ich erledigte / ich habe erledigt;obaviti / izvršiti;Obavio sam zadatak danas.;Ich erledige die Aufgabe heute.;Ich erledigte die Aufgabe heute.;Ich habe die Aufgabe heute erledigt.
Verb;;erreichen;ich erreiche / ich erreichte / ich habe erreicht;postići / doseći;Postigao sam svoj cilj.;Ich erreiche mein Ziel.;Ich erreichte mein Ziel.;Ich habe mein Ziel erreicht.
Verb;;erwarten;ich erwarte / ich erwartete / ich habe erwartet;očekivati;Očekivali smo odgovor.;Wir erwarten eine Antwort.;Wir erwarteten eine Antwort.;Wir haben eine Antwort erwartet.
Verb;;erwirken ;ich erwirke / ich erwirkte / ich habe erwirkt;isposlovati / ishoditi;Dobio je dozvolu.;Er erwirkt eine Genehmigung.;Er erwirkte eine Genehmigung.;Er hat eine Genehmigung erwirkt.
Verb;;erwischen;ich erwische / ich erwischte / ich habe erwischt;uloviti;Uhvatili su posljednji autobus.;Sie erwischen den letzten Bus.;Sie erwischten den letzten Bus.;Sie haben den letzten Bus erwischt.
Verb;;erzählen;ich erzähle / ich erzählte / ich habe erzählt;ispričati;Ispričao je smiješnu priču.;Er erzählt eine lustige Geschichte.;Er erzählte eine lustige Geschichte.;Er hat eine lustige Geschichte erzählt.
Verb;;erzeugen;ich erzeuge / ich erzeugte / ich habe erzeugt;proizvoditi / generirati;Tvornica proizvodi struju.;Die Fabrik erzeugt Strom.;Die Fabrik erzeugte Strom.;Die Fabrik hat Strom erzeugt.
Verb;;erzielen ;ich erziele / ich erzielte / ich habe erzielt;postići / ostvariti;Postigli su dobar rezultat.;Sie erzielen ein gutes Ergebnis.;Sie erzielten ein gutes Ergebnis.;Sie haben ein gutes Ergebnis erzielt.
Verb;;essen;ich esse / ich aß / ich habe gegessen;jesti;Pojeo sam jabuku.;Ich esse einen Apfel.;Ich aß einen Apfel.;Ich habe einen Apfel gegessen.
Verb;;fahren;ich fahre / ich fuhr / ich bin gefahren;voziti;Sutra putujemo u Berlin.;Wir fahren morgen nach Berlin.;Wir fuhren morgen nach Berlin.;Wir sind gestern nach Berlin gefahren.
Verb;;fallen;ich falle / ich fiel / ich bin gefallen;pasti;List pada s drveta.;Das Blatt fällt vom Baum.;Das Blatt fiel vom Baum.;Das Blatt ist vom Baum gefallen.
Verb;;fehlen;ich fehle / ich fehlte / ich habe gefehlt;nedostajati / faliti / izostati / propustiti;Nedostaju mi prave riječi.;Mir fehlen die richtigen Worte.;Mir fehlten die richtigen Worte.;Mir haben die richtigen Worte gefehlt.
Verb;;feiern;iche feiere / ich feierte / ich habe gefeiert;slaviti;Proslavili smo njegov rođendan.;Wir feiern seinen Geburtstag.;Wir feierten seinen Geburtstag.;Wir haben seinen Geburtstag gefeiert.
Verb;;feuern ;ich feuere / ich feuerte / ich habe gefeuert;paliti / zapaliti;Otkazao je zaposleniku.;Er feuert den Mitarbeiter.;Er feuerte den Mitarbeiter.;Er hat den Mitarbeiter gefeuert.
Verb;;finden;ich finde / ich fand / ich habe gefunden;naći;Ne mogu pronaći svoj ključ.;Ich finde meinen Schlüssel nicht.;Ich fand meinen Schlüssel nicht.;Ich habe meinen Schlüssel nicht gefunden.
Verb;;fliegen ;ich fliege / ich flog / ich bin geflogen;letjeti / biti otpušten;Letjeli su u Španiju.;Sie fliegen nach Spanien.;Sie flogen nach Spanien.;Sie sind nach Spanien geflogen.
Verb;;folgen;ich folge / ich folgte / ich bin gefolgt;slijediti / pratiti;Slijedio je auto neprimjetno.;Er folgt dem Auto unauffällig.;Er folgte dem Auto unauffällig.;Er ist dem Auto unauffällig gefolgt.
Verb;;fortsetzen;ich setze fort / ich setzte fort / ich habe fortgesetzt;nastaviti;Nastavili su razgovor.;Sie setzen das Gespräch fort.;Sie setzten das Gespräch fort.;Sie haben das Gespräch fortgesetzt.
Verb;;fotografieren;ich fotografiere / ich fotografierte / ich habe fotografiert;fotografirati;Fotografirao sam zalazak sunca.;Ich fotografiere den Sonnenuntergang.;Ich fotografierte den Sonnenuntergang.;Ich habe den Sonnenuntergang fotografiert.
Verb;;fragen;ich frage / ich fragte / ich habe gefragt;pitati;Pitao je za put.;Er fragt nach dem Weg.;Er fragte nach dem Weg.;Er hat nach dem Weg gefragt.
Verb;;frühstücken ;ich frühstücke / ich frühstückte / ich habe gefrühstückt;doručkovati;Doručkovali smo u 8 sati.;Wir frühstücken um 8 Uhr.;Wir frühstückten um 8 Uhr.;Wir haben um 8 Uhr gefrühstückt.
Verb;;führen ;ich führe / ich führte / ich habe geführt;voditi / upravljati / rukovati / rukovoditi;Vela je grupu kroz muzej.;Sie führt die Gruppe durch das Museum.;Sie führte die Gruppe durch das Museum.;Sie hat die Gruppe durch das Museum geführt.
Verb;;füllen;ich fülle / ich füllte / ich habe gefüllt;ispuniti / nadjenuti / plombirati;Napunila je čašu vodom.;Er füllt das Glas mit Wasser.;Er füllte das Glas mit Wasser.;Er hat das Glas mit Wasser gefüllt.
Verb;;geben;ich gebe / ich gab / ich habe gegeben;dati;Dao joj je knjigu.;Sie gibt ihm das Buch.;Sie gab ihm das Buch.;Sie hat ihm das Buch gegeben.
Verb;;gefallen;es gefällt / es gefiel / es hat gefallen;svidjati (se);Film mi se svidio.;Der Film gefällt mir.;Der Film gefiel mir.;Der Film hat mir gefallen.
Verb;;gehen;ich gehe / ich ging / ich bin gegangen;ići;Išli smo u kino.;Wir gehen ins Kino.;Wir gingen ins Kino.;Wir sind ins Kino gegangen.
Verb;;gehören ;ich gehöre / ich gehörte / ich habe gehört;pripasti / spadati / pripadati;Ova knjiga pripada meni.;Dieses Buch gehört mir.;Dieses Buch gehörte mir.;Dieses Buch hat mir gehört.
Verb;;gewinnen;ich gewinne / ich gewann / ich habe gewonnen;pobijediti;Pobijedio je igru.;Er gewinnt das Spiel.;Er gewann das Spiel.;Er hat das Spiel gewonnen.
Verb;;glauben;ich glaube / ich glaubte / ich habe geglaubt;vjerovati / misliti;Vjeruju u budućnost.;Sie glauben an die Zukunft.;Sie glaubten an die Zukunft.;Sie haben an die Zukunft geglaubt.
Verb;;gratulieren;ich gratuliere / ich gratulierte / ich habe gratuliert;čestitati;Čestitam ti na rođendanu.;Ich gratuliere dir zum Geburtstag.;Ich gratulierte dir zum Geburtstag.;Ich habe dir zum Geburtstag gratuliert.
Verb;;gucken;ich gucke / ich guckte / ich habe geguckt;gledati;Gledao je film.;Er guckt einen Film.;Er guckte einen Film.;Er hat einen Film geguckt.
Verb;;haben;ich habe / ich hatte / ich habe gehabt;imati;Nemam vremena.;Ich habe keine Zeit.;Ich hatte keine Zeit.;Ich habe keine Zeit gehabt.
Verb;;halten;ich halte / ich hielt / ich habe gehalten;držati;Čvrsto je držao loptu.;Sie hält den Ball fest.;Sie hielt den Ball fest.;Sie hat den Ball festgehalten.
Verb;;handeln ;ich handle / ich handelte / ich habe gehandelt;trgovati / postupati / djelovati;Brzo smo djelovali kako bismo riješili problem.;Wir handeln schnell, um das Problem zu lösen.;Wir handelten schnell, um das Problem zu lösen.;Wir haben schnell gehandelt, um das Problem zu lösen.
Verb;;hängen;ich hänge / ich hing / ich habe gehangen;visiti;Slika visi na zidu.;Das Bild hängt an der Wand.;Das Bild hing an der Wand.;Das Bild hat an der Wand gehangen.
Verb;;hassen;ich hasse / ich hasste / ich habe gehasst;mrziti;Mrze kišu.;Sie hassen den Regen.;Sie hassten den Regen.;Sie haben den Regen gehasst.
Verb;;heiraten;ich heirate / ich heiratete / ich habe geheiratet;vjenčati se;Oženio je svoju djevojku.;Er heiratet seine Freundin.;Er heiratete seine Freundin.;Er hat seine Freundin geheiratet.
Verb;;heißen;ich heiße / ich hieß / ich habe geheißen;zvati (se);Zovem se Petar.;Ich heiße Peter.;Ich hieß Peter.;Ich habe Peter geheißen.
Verb;;heizen;ich heize / ich heizte / ich habe geheizt;grijati;Grijemo sobu.;Wir heizen das Zimmer auf.;Wir heizten das Zimmer auf.;Wir haben das Zimmer aufgeheizt.
Verb;;helfen;ich helfe / ich half / ich habe geholfen;pomoći;Pomaže svojoj sestri.;Er hilft seiner Schwester.;Er half seiner Schwester.;Er hat seiner Schwester geholfen.
Verb;;herrschen ;ich herrsche / ich herrschte / ich habe geherrscht;vladati / prevladati;U ovoj zemlji vlada mir.;In diesem Land herrscht Frieden.;In diesem Land herrschte Frieden.;In diesem Land hat Frieden geherrscht.
Verb;;herstellen;ich stelle her / ich stellte her / ich habe hergestellt;izraditi / proizvoditi / producirati;Tvrtka proizvodi nove proizvode.;Die Firma stellt neue Produkte her.;Die Firma stellte neue Produkte her.;Die Firma hat neue Produkte hergestellt.
Verb;;hoffen;ich hoffe / ich hoffte / ich habe gehofft;nadati (se);Nadamo se boljim vremenskim uvjetima.;Wir hoffen auf besseres Wetter.;Wir hofften auf besseres Wetter.;Wir haben auf besseres Wetter gehofft.
Verb;;holen;ich hole / ich holte / ich habe geholt;donjeti / dohvatiti;Uzeo je paket s pošte.;Er holt das Paket von der Post ab.;Er holte das Paket von der Post ab.;Er hat das Paket von der Post abgeholt.
Verb;;hören;ich höre / ich hörte / ich habe gehört;slušati / čuti;Rado slušam muziku.;Ich höre gerne Musik.;Ich hörte gerne Musik.;Ich habe gerne Musik gehört.
Verb;;kaufen;ich kaufe / ich kaufte / ich habe gekauft;kupiti;Kupovali su svježe povrće.;Sie kaufen frisches Gemüse.;Sie kauften frisches Gemüse.;Sie haben frisches Gemüse gekauft.
Verb;;kennen;ich kenne / ich kannte / ich habe gekannt;znati / poznavati;Poznajem ga već dugo.;Ich kenne ihn schon lange.;Ich kannte ihn schon lange.;Ich habe ihn schon lange gekannt.
Verb;;kennenlernen;ich lerne kennen / ich lernte kennen / ich habe kennengelernt;upoznati;Upoznali smo nove ljude.;Wir lernen neue Leute kennen.;Wir lernten neue Leute kennen.;Wir haben neue Leute kennengelernt.
Verb;;klappen;es klappt / es klappte / es hat geklappt;klapati / sjedati / uklapati;Sve ide po planu.;Es klappt alles nach Plan.;Es klappte alles nach Plan.;Es hat alles nach Plan geklappt.
Verb;;klettern;ich klettere / ich kletterte / ich bin geklettert;penjati (se);Penjala se na drvo.;Sie klettert auf den Baum.;Sie kletterte auf den Baum.;Sie ist auf den Baum geklettert.
Verb;;klingeln;ich klingele / ich klingelte / ich habe geklingelt;zvoniti;Netko je zazvonio na vrata.;Es klingelt an der Tür.;Es klingelte an der Tür.;Es hat an der Tür geklingelt.
Verb;;klingen;es klingt / es klang / es hat geklungen;zvučati;Zvuči kao dobra ideja.;Es klingt wie eine gute Idee.;Es klang wie eine gute Idee.;Es hat geklungen wie eine gute Idee.
Verb;;kochen;ich koche / ich kochte / ich habe gekocht;kuhati;Kuham večeru večeras.;Ich koche heute Abend das Abendessen.;Ich kochte heute Abend das Abendessen.;Ich habe heute Abend das Abendessen gekocht.
Verb;;kommen;ich komme / ich kam / ich bin gekommen;doći;Dolazi u 9 sati.;Sie kommt um 9 Uhr an.;Sie kam um 9 Uhr an.;Sie ist um 9 Uhr angekommen.
Verb;;können;ich kann / ich konnte / ich habe gekonnt;moći / znati;Može plivati jako dobro.;Er kann sehr gut schwimmen.;Er konnte sehr gut schwimmen.;Er hat sehr gut schwimmen können.
Verb;;korrigieren;ich korrigiere / ich korrigierte / ich habe korrigiert;ispraviti;Učitelj ispravlja testove.;Der Lehrer korrigiert die Tests.;Der Lehrer korrigierte die Tests.;Der Lehrer hat die Tests korrigiert.
Verb;;kosten;es kostet / es kostete / es hat gekostet;koštati;Hrana košta pet eura.;Das Essen kostet fünf Euro.;Das Essen kostete fünf Euro.;Das Essen hat fünf Euro gekostet.
Verb;;kriegen;ich kriege / ich kriegte / ich habe gekriegt;dobiti;Sutra dobijam svoju plaću.;Ich kriege morgen mein Gehalt.;Ich kriegte morgen mein Gehalt.;Ich habe morgen mein Gehalt gekriegt.
Verb;;kündigen;ich kündige / ich kündigte / ich habe gekündigt;otkazati / prestati;Otkazala je svoj posao.;Sie kündigt ihren Job.;Sie kündigte ihren Job.;Sie hat ihren Job gekündigt.
Verb;;küssen;ich küsse / ich küsste / ich habe geküsst;poljubiti;Poljubio je svoju djevojku.;Er küsst seine Freundin.;Er küsste seine Freundin.;Er hat seine Freundin geküsst.
Verb;;lachen;ich lache / ich lachte / ich habe gelacht;smijati (se);Smijemo se šali.;Wir lachen über den Witz.;Wir lachten über den Witz.;Wir haben über den Witz gelacht.
Verb;;landen ;ich lande / ich landete / ich bin gelandet;prizemljiti / spustiti / pristati;Avion slijeće na vrijeme.;Das Flugzeug landet pünktlich.;Das Flugzeug landete pünktlich.;Das Flugzeug ist pünktlich gelandet.
Verb;;lassen;ich lasse / ich ließ / ich habe gelassen;dati / pustiti / ostaviti / neka;Ostavlja knjigu na stolu.;Er lässt das Buch auf dem Tisch.;Er ließ das Buch auf dem Tisch.;Er hat das Buch auf dem Tisch gelassen.
Verb;;laufen;ich laufe / ich lief / ich bin gelaufen;hodati / trčati;Trčim svako jutro.;Ich laufe jeden Morgen eine Runde.;Ich lief jeden Morgen eine Runde.;Ich bin jeden Morgen eine Runde gelaufen.
Verb;;leben;ich lebe / ich lebte / ich habe gelebt;živjeti;Oni Žive u malom gradu.;Sie leben in einer kleinen Stadt.;Sie lebten in einer kleinen Stadt.;Sie haben in einer kleinen Stadt gelebt.
Verb;;legen;ich lege / ich legte / ich habe gelegt;staviti / položiti / poleći;Polaže je knjigu na stol.;Er legt das Buch auf den Tisch.;Er legte das Buch auf den Tisch.;Er hat das Buch auf den Tisch gelegt.
Verb;;leisten;ich leiste / ich leistete / ich habe geleistet;učiniti / pružiti / ukazati;Dali smo mnogo posla danas.;Wir leisten heute viel Arbeit.;Wir leisteten heute viel Arbeit.;Wir haben heute viel Arbeit geleistet.
Verb;;lernen;ich lerne / ich lernte / ich habe gelernt;učiti;Uče za ispit.;Sie lernen für die Prüfung.;Sie lernten für die Prüfung.;Sie haben für die Prüfung gelernt.
Verb;;lesen;ich lese / ich las / ich habe gelesen;čitati;Čitam zanimljivu knjigu.;Ich lese gerade ein interessantes Buch.;Ich las gerade ein interessantes Buch.;Ich habe gerade ein interessantes Buch gelesen.
Verb;;lieben;ich liebe / ich liebte / ich habe geliebt;voljeti;Voli svoju obitelj.;Er liebt seine Familie.;Er liebte seine Familie.;Er hat seine Familie geliebt.
Verb;;liegen;ich liege / ich lag / ich habe gelegen;ležati;Knjiga leži na kauču.;Das Buch liegt auf dem Sofa.;Das Buch lag auf dem Sofa.;Das Buch hat auf dem Sofa gelegen.
Verb;;machen;ich mache / ich machte / ich habe gemacht;raditi / praviti / napraviti;Radim domaće zadaće.;Ich mache die Hausaufgaben.;Ich machte die Hausaufgaben.;Ich habe die Hausaufgaben gemacht.
Verb;;mähen;ich mähe / ich mähte / ich habe gemäht;kositi / pokositi;Pokosio je travnjak.;Er mäht den Rasen.;Er mähte den Rasen.;Er hat den Rasen gemäht.
Verb;;meinen ;ich meine / ich meinte / ich habe gemeint;misliti / smatrati;Mislim da je to dobra ideja.;Ich meine, das ist eine gute Idee.;Ich meinte, das sei eine gute Idee.;Ich habe gemeint, dass das eine gute Idee ist.
Verb;;melden;ich melde / ich meldete / ich habe gemeldet;obavijestiti / izvjestiti;Prijavila se za tečaj.;Sie meldet sich für den Kurs an.;Sie meldete sich für den Kurs an.;Sie hat sich für den Kurs angemeldet.
Verb;;merken;ich merke / ich merkte / ich habe gemerkt;primijetiti / shvatiti / opaziti / uočiti;Primijetio sam da sam zaboravio mobitel.;Ich merke, dass ich mein Handy vergessen habe.;Ich merkte, dass ich mein Handy vergessen hatte.;Ich habe gemerkt, dass ich mein Handy vergessen habe.
Verb;;mieten;ich miete / ich mietete / ich habe gemietet;unajmiti;Iznajmili smo stan u gradu.;Wir mieten eine Wohnung in der Stadt.;Wir mieteten eine Wohnung in der Stadt.;Wir haben eine Wohnung in der Stadt gemietet.
Verb;;mitfahren;ich fahre mit / ich fuhr mit / ich bin mitgefahren;povesti se s nekim / voziti se s nekim;Sutra idem s tobom.;Ich fahre morgen mit dir mit.;Ich fuhr morgen mit dir mit.;Ich bin morgen mit dir mitgefahren.
Verb;;mitkommen;ich komme mit / ich kam mit / ich bin mitgekommen;doći s nekim;Rado dolazi na zabavu.;Sie kommt gerne mit zur Party.;Sie kam gerne mit zur Party.;Sie ist gerne mit zur Party gekommen.
Verb;;mitnehmen;ich nehme mit / ich nahm mit / ich habe mitgenommen;uzeti sa sobom;Uzeo je kišobran sa sobom.;Er nimmt den Regenschirm mit.;Er nahm den Regenschirm mit.;Er hat den Regenschirm mitgenommen.
Verb;;möchten;ich möchte / ich mochte / ich habe gemocht;željeti;Htio bih komad kolača.;Ich möchte ein Stück Kuchen.;Ich wollte ein Stück Kuchen.;Ich habe ein Stück Kuchen möchten.
Verb;;mögen;ich mag / ich mochte / ich habe gemocht;sviđati;Jako voli mačke.;Er mag Katzen sehr.;Er mochte Katzen sehr.;Er hat Katzen sehr gemocht.
Verb;;müssen;ich muss / ich musste / ich habe gemusst;morati;Moramo ustati sutra rano.;Wir müssen morgen früh aufstehen.;Wir mussten morgen früh aufstehen.;Wir haben morgen früh aufstehen müssen.
Verb;;nachschauen ;ich schaue nach / ich schaute nach / ich habe nachgeschaut;otpratiti pogledom / pregledati;Provjeravam u rječniku.;Ich schaue im Wörterbuch nach.;Ich schaute im Wörterbuch nach.;Ich habe im Wörterbuch nachgeschaut.
Verb;;nehmen;ich nehme / ich nahm / ich habe genommen;uzeti;Uzeo je šalicu sa stola.;Er nimmt die Tasse vom Tisch.;Er nahm die Tasse vom Tisch.;Er hat die Tasse vom Tisch genommen.
Verb;;nennen;ich nenne / ich nannte / ich habe genannt;imenovati;Nazvali smo ga Max.;Wir nennen ihn Max.;Wir nannten ihn Max.;Wir haben ihn Max genannt.
Verb;;nutzen;ich nutze / ich nutzte / ich habe genutzt;koristiti;Koriste novu softversku aplikaciju svakodnevno.;Sie nutzen die neue Software täglich.;Sie nutzten die neue Software täglich.;Sie haben die neue Software täglich genutzt.
Verb;;öffnen;ich öffne / ich öffnete / ich habe geöffnet;otvoriti;Otvorio je vrata.;Er öffnet die Tür.;Er öffnete die Tür.;Er hat die Tür geöffnet.
Verb;;parken;ich parke / ich parkte / ich habe geparkt;parkirati;Parkirali su auto na parkiralištu.;Sie parken das Auto auf dem Parkplatz.;Sie parkten das Auto auf dem Parkplatz.;Sie haben das Auto auf dem Parkplatz geparkt.
Verb;;passen;ich passe / ich passte / ich habe gepasst;pasati / odgovarati / pristajati;Haljina savršeno odgovara.;Das Kleid passt perfekt.;Das Kleid passte perfekt.;Das Kleid hat perfekt gepasst.
Verb;;passieren;Es passiert / es passierte / es ist passiert;dogoditi (se);Što se dogodilo?;Was ist passiert?;Was war passiert?;Was ist passiert?
Verb;;pflegen;ich pflege / ich pflegte / ich habe gepflegt;njegovati / gajiti / održavati;Brine se o svojoj bolesnoj majci.;Er pflegt seine kranke Mutter.;Er pflegte seine kranke Mutter.;Er hat seine kranke Mutter gepflegt.
Verb;;planen;ich plane / ich plante / ich habe geplant;planirati;Planiramo odmor za ljeto.;Wir planen einen Urlaub im Sommer.;Wir planten einen Urlaub im Sommer.;Wir haben einen Urlaub im Sommer geplant.
Verb;;prägen ;ich präge / ich prägte / ich habe geprägt;stvoriti / kovati / oblikovati;Ovi događaji oblikuju naš život.;Diese Ereignisse prägen unser Leben.;Diese Ereignisse prägten unser Leben.;Diese Ereignisse haben unser Leben geprägt.
Verb;;prüfen;ich prüfe / ich prüfte / ich habe geprüft;provjeriti / ispitati / dokazati;Provjerava račun još jednom.;Er prüft die Rechnung noch einmal.;Er prüfte die Rechnung noch einmal.;Er hat die Rechnung noch einmal geprüft.
Verb;;putzen;ich putze / ich putzte / ich habe geputzt;čistiti;Čistio sam kupaonicu danas.;Ich putze das Badezimmer heute.;Ich putzte das Badezimmer heute.;Ich habe das Badezimmer heute geputzt.
Verb;;radeln;ich radle / ich radelte / ich bin geradelt;biciklirati / ići biciklom;Biciklom smo vozili svaki vikend uz rijeku.;Wir radeln jeden Sonntag am Fluss entlang.;Wir radelten jeden Sonntag am Fluss entlang.;Wir sind jeden Sonntag am Fluss entlang geradelt.
Verb;;raten;ich rate / ich riet / ich habe geraten;savjetovati;Savjetujem ti da više spavaš.;Ich rate dir, mehr zu schlafen.;Ich riet dir, mehr zu schlafen.;Ich habe dir geraten, mehr zu schlafen.
Verb;;rauchen;ich rauche / ich rauchte / ich habe geraucht;pušiti;Puši cigaretu.;Er raucht eine Zigarette.;Er rauchte eine Zigarette.;Er hat eine Zigarette geraucht.
Verb;;räumen ;ich räume / ich räumte / ich habe geräumt;napustiti / deložirati / odstraniti;Čiste podrume.;Sie räumen den Keller auf.;Sie räumten den Keller auf.;Sie haben den Keller aufgeräumt.
Verb;;rechnen;ich rechne / ich rechnete / ich habe gerechnet;računati;Računamo na rezultat sutra.;Wir rechnen mit einem Ergebnis morgen.;Wir rechneten mit einem Ergebnis morgen.;Wir haben mit einem Ergebnis morgen gerechnet.
Verb;;reden;ich rede / ich redete / ich habe geredet;pričati / razgovarati;Razgovarali smo o vremenu.;Wir reden über das Wetter.;Wir redeten über das Wetter.;Wir haben über das Wetter geredet.
Verb;;regnen;es regnet / es regnete / es hat geregnet;kišiti;Kišilo je cijeli dan.;Es regnet den ganzen Tag.;Es regnete den ganzen Tag.;Es hat den ganzen Tag geregnet.
Verb;;reichen;ich reiche / ich reichte / ich habe gereicht;dostajati / dosezati / biti dovoljno;Novac je bio dovoljan za stanarinu.;Das Geld reicht für die Miete.;Das Geld reichte für die Miete.;Das Geld hat für die Miete gereicht.
Verb;;reisen;ich reise / ich reiste / ich bin gereist;putovati;Putovali su svake godine u Španiju.;Sie reisen jedes Jahr nach Spanien.;Sie reisten jedes Jahr nach Spanien.;Sie sind jedes Jahr nach Spanien gereist.
Verb;;rennen ;ich renne / ich rannte / ich bin gerannt;trčati;Trčao je svaki jutro u parku.;Er rennt jeden Morgen im Park.;Er rannte jeden Morgen im Park.;Er ist jeden Morgen im Park gerannt.
Verb;;respektieren;ich respektiere / ich respektierte / ich habe respektiert;poštovati / respektirati;Poštuju mišljenje drugih.;Wir respektieren die Meinung der anderen.;Wir respektierten die Meinung der anderen.;Wir haben die Meinung der anderen respektiert.
Verb;;sagen;ich sage / ich sagte / ich habe gesagt;reći;Rekao je da dolazi sutra.;Er sagt, dass er morgen kommt.;Er sagte, dass er morgen kam.;Er hat gesagt, dass er morgen kommt.
Verb;;schaffen ;ich schaffe / ich schaffte / ich habe geschafft;stvoriti / uspostaviti;Položio je ispit bez problema.;Sie schafft die Prüfung problemlos.;Sie schaffte die Prüfung problemlos.;Sie hat die Prüfung problemlos geschafft.
Verb;;schätzen ;ich schätze / ich schätzte / ich habe geschätzt;cijeniti / poštovati / ocijeniti / procijeniti;Cijenim tvoju pomoć.;Ich schätze deine Hilfe sehr.;Ich schätzte deine Hilfe sehr.;Ich habe deine Hilfe sehr geschätzt.
Verb;;schauen;ich schaue / ich schaute / ich habe geschaut;gledati;Gleda filmove s užitkom.;Er schaut gerne Filme.;Er schaute gerne Filme.;Er hat gerne Filme geschaut.
Verb;;schenken;ich schenke / ich schenkte / ich habe geschenkt;pokloniti;Poklonio sam ti knjigu.;Ich schenke dir ein Buch.;Ich schenkte dir ein Buch.;Ich habe dir ein Buch geschenkt.
Verb;;schicken ;ich schicke / ich schickte / ich habe geschickt;slati / poslati;Poslao je poruku svojoj prijateljici.;Sie schickt eine Nachricht an ihre Freundin.;Sie schickte eine Nachricht an ihre Freundin.;Sie hat eine Nachricht an ihre Freundin geschickt.
Verb;;schlafen;ich schlafe / ich schlief / ich habe geschlafen;spavati;Spavao je do kasno ujutro.;Er schläft bis spät am Morgen.;Er schlief bis spät am Morgen.;Er hat bis spät am Morgen geschlafen.
Verb;;schlagen;ich schlage / ich schlug / ich habe geschlagen;udariti;Zabila je loptu u gol.;Sie schlägt den Ball ins Tor.;Sie schlug den Ball ins Tor.;Sie hat den Ball ins Tor geschlagen.
Verb;;schleudern ;ich schleudere / ich schleuderte / ich habe geschleudert;baciti / bacati;Vozač je proklizao na vlažnoj cesti.;Der Fahrer schleudert auf der nassen Straße.;Der Fahrer schleuderte auf der nassen Straße.;Der Fahrer hat auf der nassen Straße geschleudert.
Verb;;schließen;ich schließe / ich schloss / ich habe geschlossen;zatvoriti;Zatvorili su prozor.;Sie schließen das Fenster.;Sie schlossen das Fenster.;Sie haben das Fenster geschlossen.
Verb;;schmecken;es schmeckt / es schmeckte / es hat geschmeckt;imati okus;Hrana je bila jako ukusna.;Das Essen schmeckt sehr gut.;Das Essen schmeckte sehr gut.;Das Essen hat sehr gut geschmeckt.
Verb;;schneiden;ich schneide / ich schnitt / ich habe geschnitten;sjeći / krojiti / rezati;Izao je kruh.;Er schneidet das Brot.;Er schnitt das Brot.;Er hat das Brot geschnitten.
Verb;;schneien;es schneit / es schneite / es hat geschneit;sniježiti;Zimi često pada snijeg.;Es schneit im Winter oft.;Es schneite im Winter oft.;Es hat im Winter oft geschneit.
Verb;;schreiben;ich schreibe / ich schrieb / ich habe geschrieben;pisati;Napisali su pismo.;Sie schreiben einen Brief.;Sie schrieben einen Brief.;Sie haben einen Brief geschrieben.
Verb;;schulden;ich schulde / ich schuldete / ich habe geschuldet;dugovati;Dužan mi je još novac.;Er schuldet mir noch Geld.;Er schuldete mir noch Geld.;Er hat mir noch Geld geschuldet.
Verb;;schützen;ich schütze / ich schützte / ich habe geschützt;štititi;Štite kuću alarmnim sustavom.;Sie schützen das Haus mit einer Alarmanlage.;Sie schützten das Haus mit einer Alarmanlage.;Sie haben das Haus mit einer Alarmanlage geschützt.
Verb;;schwimmen;ich schwimme / ich schwamm / ich bin geschwommen;plivati;Plivamo svako ljeto u jezeru.;Wir schwimmen jeden Sommer im See.;Wir schwammen jeden Sommer im See.;Wir sind jeden Sommer im See geschwommen.
Verb;;segeln;ich segle / ich segelte / ich bin gesegelt;ploviti / jedriti;Jedre preko Atlantika.;Er segelt über den Atlantik.;Er segelte über den Atlantik.;Er ist über den Atlantik gesegelt.
Verb;;sehen;iche sehe / ich sah / ich habe gesehen;vidjeti;Gledaju zalazak sunca.;Sie sehen den Sonnenuntergang.;Sie sahen den Sonnenuntergang.;Sie haben den Sonnenuntergang gesehen.
Verb;;sein;ich bin / ich war / ich bin gewesen;biti;Danas sam jako umoran.;Ich bin heute sehr müde.;Ich war heute sehr müde.;Ich bin heute sehr müde gewesen.
Verb;;setzen;ich setze / ich setzte / ich habe gesetzt;smjestiti / postaviti / postaviti / posaditi;Stavljaju dijete na stolicu.;Sie setzen das Kind auf den Stuhl.;Sie setzten das Kind auf den Stuhl.;Sie haben das Kind auf den Stuhl gesetzt.
Verb;;sich amüsieren;ich amüsiere mich / ich amüsierte mich / ich habe mich amüsiert;zabaviti se;Zabavljali smo se na zabavi.;Wir amüsieren uns auf der Party.;Wir amüsierten uns auf der Party.;Wir haben uns auf der Party amüsiert.
Verb;;sich ärgern;ich ärgere mich / ich ärgerte mich / ich habe mich geärgert;naljutiti se;Nervira se zbog gužve.;Er ärgert sich über den Stau.;Er ärgerte sich über den Stau.;Er hat sich über den Stau geärgert.
Verb;;sich anschauen;ich schaue mir an / ich schaute mir an / ich habe mir angeschaut;pogledati se;Ona gleda film.;Sie schaut sich den Film an.;Sie schaute sich den Film an.;Sie hat sich den Film angesehen.
Verb;;sich anziehen;ich ziehe mich an / ich zog mich an / ich habe mich angezogen;obući se;On se brzo oblači.;Er zieht sich schnell an.;Er zog sich schnell an.;Er hat sich schnell angezogen.
Verb;;sich aufhalten ;ich halte mich auf / ich hielt mich auf / ich habe mich aufgehalten;zadržati se;Često se zadržavaju u parku.;Sie halten sich oft im Park auf.;Sie hielten sich oft im Park auf.;Sie haben sich oft im Park aufgehalten.
Verb;;sich ausruhen;ich ruhe mich aus / ich ruhte mich aus / ich habe mich ausgeruht;odmoriti se;On se odmara nakon posla.;Er ruht sich nach der Arbeit aus.;Er ruhte sich nach der Arbeit aus.;Er hat sich nach der Arbeit ausgeruht.
Verb;;sich äußern;ich äußere mich / ich äußerte mich / ich habe mich geäußert;izraziti se;Izražavaju se o trenutnoj situaciji.;Sie äußern sich zur aktuellen Lage.;Sie äußerten sich zur aktuellen Lage.;Sie haben sich zur aktuellen Lage geäußert.
Verb;;sich beeilen;ich beeile mich / ich beeilte mich / ich habe mich beeilt;požuriti se;Žurimo se da uhvatimo vlak.;Wir beeilen uns, um den Zug zu erwischen.;Wir beeilten uns, um den Zug zu erwischen.;Wir haben uns beeilt, um den Zug zu erwischen.
Verb;;sich bemühen;ich bemühe mich / ich bemühte mich / ich habe mich bemüht;pomučiti se / potruditi se;On se trudi riješiti zadatak.;Er bemüht sich, die Aufgabe zu lösen.;Er bemühte sich, die Aufgabe zu lösen.;Er hat sich bemüht, die Aufgabe zu lösen.
Verb;;sich beschweren;ich beschwere mich / ich beschwerte mich / ich habe mich beschwert;žaliti se;Žale se na buku.;Sie beschweren sich über den Lärm.;Sie beschwerten sich über den Lärm.;Sie haben sich über den Lärm beschwert.
Verb;;sich bewerben;ich bewerbe mich / ich bewarb mich / ich habe mich beworben;prijaviti se na natječaj / natjecati se / konkurirati;On se prijavljuje za posao.;Er bewirbt sich um den Job.;Er bewarb sich um den Job.;Er hat sich um den Job beworben.
Verb;;sich duschen;ich dusche mich / ich duschte mich / ich habe mich geduscht;tuširati se;Tuširaju se svako jutro.;Sie duschen sich jeden Morgen.;Sie duschten sich jeden Morgen.;Sie haben sich jeden Morgen geduscht.
Verb;;sich entscheiden;ich entscheide mich / ich entschied mich / ich habe mich entschieden;odlučiti se;Odlučujem se za crveni auto.;Ich entscheide mich für das rote Auto.;Ich entschied mich für das rote Auto.;Ich habe mich für das rote Auto entschieden.
Verb;;sich entschuldigen;ich entschuldige mich / ich entschuldigte mich / ich habe mich entschuldigt;ispričati se;Ona se ispričava zbog greške.;Sie entschuldigt sich für den Fehler.;Sie entschuldigte sich für den Fehler.;Sie hat sich für den Fehler entschuldigt.
Verb;;sich erholen;ich erhole mich / ich erholte mich / ich habe mich erholt;oporaviti se;On se oporavlja na odmoru.;Er erholt sich im Urlaub.;Er erholte sich im Urlaub.;Er hat sich im Urlaub erholt.
Verb;;sich erinnern;ich erinnere mich / ich erinnerte mich / ich habe mich erinnert;sjetiti se / sjećati se / podsjetiti se;Sjećam se prošlog ljeta.;Ich erinnere mich an den letzten Sommer.;Ich erinnerte mich an den letzten Sommer.;Ich habe mich an den letzten Sommer erinnert.
Verb;;sich fotografieren ;ich fotografiere mich / ich fotografierte mich / ich habe mich fotografiert;fotografirati se;Fotografiraju se ispred spomenika.;Sie fotografieren sich vor dem Denkmal.;Sie fotografierten sich vor dem Denkmal.;Sie haben sich vor dem Denkmal fotografiert.
Verb;;sich freuen;ich freue mich / ich freute mich / ich habe mich gefreut;radovati se;Vesele se putovanju.;Sie freuen sich auf die Reise.;Sie freuten sich auf die Reise.;Sie haben sich auf die Reise gefreut.
Verb;;sich fühlen;ich fühle mich / ich fühlte mich / ich habe mich gefühlt;osjećati se;On se danas ne osjeća dobro.;Er fühlt sich heute nicht gut.;Er fühlte sich heute nicht gut.;Er hat sich heute nicht gut gefühlt.
Verb;;sich fürchten;ich fürchte mich / ich fürchtete mich / ich habe mich gefürchtet;bojati se;Boje se pauka.;Sie fürchten sich vor Spinnen.;Sie fürchtete sich vor Spinnen.;Sie haben sich vor Spinnen gefürchtet.
Verb;;sich gewöhnen;ich gewöhne mich / ich gewöhnte mich / ich habe mich gewöhnt;naviknuti se;Polako se navikavamo na novi grad.;Wir gewöhnen uns langsam an die neue Stadt.;Wir gewöhnten uns langsam an die neue Stadt.;Wir haben uns langsam an die neue Stadt gewöhnt.
Verb;;sich informieren;ich informiere mich / ich informierte mich / ich habe mich informiert;informirati se;Informiraju se o novim pravilima.;Sie informieren sich über die neuen Regelungen.;Sie informierten sich über die neuen Regelungen.;Sie haben sich über die neuen Regelungen informiert.
Verb;;sich interessieren;ich interessiere mich / ich interessierte mich / ich habe mich interessiert;interesirati se;On se zanima za povijest.;Er interessiert sich für Geschichte.;Er interessierte sich für Geschichte.;Er hat sich für Geschichte interessiert.
Verb;;sich kümmern;ich kümmere mich / ich kümmerte mich / ich habe mich gekümmert;brinuti se;Brinuli su se za psa.;Sie kümmern sich um den Hund.;Sie kümmerten sich um den Hund.;Sie haben sich um den Hund gekümmert.
Verb;;sich setzen;ich setze mich / ich setzte mich / ich habe mich gesetzt;sjesti se;Sjeo sam za stol.;Ich setze mich an den Tisch.;Ich setzte mich an den Tisch.;Ich habe mich an den Tisch gesetzt.
Verb;;sich stellen;ich stelle mich / ich stellte mich / ich habe mich gestellt;predati se;Stao je pokraj prozora.;Er stellt sich neben das Fenster.;Er stellte sich neben das Fenster.;Er hat sich neben das Fenster gestellt.
Verb;;sich strengen;ich strenge mich an / ich strengte mich an / ich habe mich angestrengt;naprezati se;Potrudili su se da postignu cilj.;Sie strengen sich an, um das Ziel zu erreichen.;Sie strengten sich an, um das Ziel zu erreichen.;Sie haben sich angestrengt, um das Ziel zu erreichen.
Verb;;sich treffen;ich treffe mich / ich traf mich / ich habe mich getroffen;sresti se;Sutra ćemo se sastati u kafiću.;Wir treffen uns morgen im Café.;Wir trafen uns morgen im Café.;Wir haben uns morgen im Café getroffen.
Verb;;sich vorstellen;ich stelle mich vor / ich stellte mich vor / ich habe mich vorgestellt;predstaviti se;Predstavio se publici.;Er stellt sich dem Publikum vor.;Er stellte sich dem Publikum vor.;Er hat sich dem Publikum vorgestellt.
Verb;;singen;ich singe / ich sang / ich habe gesungen;pjevati;Pjevali su lijepu pjesmu.;Sie singen ein schönes Lied.;Sie sangen ein schönes Lied.;Sie haben ein schönes Lied gesungen.
Verb;;sitzen;ich sitze / ich saß / ich habe gesessen;sjesti;Rado sam sjedio pokraj prozora.;Ich sitze gerne am Fenster.;Ich saß gerne am Fenster.;Ich habe gerne am Fenster gesessen.
Verb;;sollen;ich solle / ich sollte / ich habe gesollt;trebati;Trebao si napraviti domaću zadaću.;Du sollst deine Hausaufgaben machen.;Du solltest deine Hausaufgaben machen.;Du hast deine Hausaufgaben machen sollen.
Verb;;sorgen ;ich sorge / ich sorgte / ich habe gesorgt;skrbiti / brinuti;Brinuli su se za svoju djecu.;Sie sorgen für ihre Kinder.;Sie sorgten für ihre Kinder.;Sie haben für ihre Kinder gesorgt.
Verb;;sparen;ich spare / ich sparte / ich habe gespart;štedjeti;Uštedjeli smo novac za odmor.;Wir sparen Geld für den Urlaub.;Wir sparten Geld für den Urlaub.;Wir haben Geld für den Urlaub gespart.
Verb;;spielen;ich spiele / ich spielte / ich habe gespielt;igrati / svirati;Igrao je nogomet u klubu.;Er spielt Fußball im Verein.;Er spielte Fußball im Verein.;Er hat Fußball im Verein gespielt.
Verb;;sprechen;ich spreche / ich sprach / ich habe gesprochen;govoriti;Razgovarali su o vijestima.;Sie sprechen über die Neuigkeiten.;Sie sprachen über die Neuigkeiten.;Sie haben über die Neuigkeiten gesprochen.
Verb;;springen;ich springe / ich sprang / ich bin gesprungen;skakati;Dijete je skočilo u vodu.;Das Kind springt ins Wasser.;Das Kind sprang ins Wasser.;Das Kind ist ins Wasser gesprungen.
Verb;;stärken ;ich stärke / ich stärkte / ich habe gestärkt;ojačati;Trening je ojačao njegove mišiće.;Das Training stärkt seine Muskeln.;Das Training stärkte seine Muskeln.;Das Training hat seine Muskeln gestärkt.
Verb;;starten;ich starte / ich startete / ich bin gestartet;početi;Utrka je počela za pet minuta.;Das Rennen startet in fünf Minuten.;Das Rennen startete in fünf Minuten.;Das Rennen hat in fünf Minuten gestartet.
Verb;;stehen;ich stehe / ich stand / ich habe gestanden;stajati;Svakog jutra ustaje u 7 sati.;Er steht jeden Morgen um 7 Uhr auf.;Er stand jeden Morgen um 7 Uhr auf.;Er ist jeden Morgen um 7 Uhr aufgestanden.
Verb;;steigen ;ich steige / ich stieg / ich bin gestiegen;penjati se / rasti / dići se / popeti se / izići;Popeli smo se na planinu.;Wir steigen auf den Berg.;Wir stiegen auf den Berg.;Wir sind auf den Berg gestiegen.
Verb;;stellen;ich stelle / ich stellte / ich habe gestellt;postaviti;Parkirali su auto u garaži.;Sie stellen das Auto in die Garage.;Sie stellten das Auto in die Garage.;Sie haben das Auto in die Garage gestellt.
Verb;;stimmen;ich stimme / ich stimmte / ich habe gestimmt;podesiti / naštimati;To nije bilo točno!;Das stimmt nicht!;Das stimmte nicht!;Das hat nicht gestimmt!
Verb;;stören;ich störe / ich störte / ich habe gestört;uznemiravati / smetati;Omeli su nas tijekom posla.;Sie stören uns während der Arbeit.;Sie störten uns während der Arbeit.;Sie haben uns während der Arbeit gestört.
Verb;;studieren;ich studiere / ich studierte / ich habe studiert;studirati;Studirao je pravo na sveučilištu.;Er studiert Jura an der Universität.;Er studierte Jura an der Universität.;Er hat Jura an der Universität studiert.
Verb;;stürmen ;es stürmt / es stürmte / es hat gestürmt;jurišati / napadati;Vjetar je puhao kroz grad.;Der Wind stürmt durch die Stadt.;Der Wind stürmte durch die Stadt.;Der Wind ist durch die Stadt gestürmt.
Verb;;suchen;ich suche / ich suchte / ich habe gesucht;tražiti;Tražili su svoj ključ.;Sie suchen ihren Schlüssel.;Sie suchten ihren Schlüssel.;Sie haben ihren Schlüssel gesucht.
Verb;;tanzen;ich tanze / ich tanzte / ich habe getanzt;plesati;Plesali smo cijelu noć.;Wir tanzen die ganze Nacht.;Wir tanzten die ganze Nacht.;Wir haben die ganze Nacht getanzt.
Verb;;telefonieren;ich telefoniere / ich telefonierte / ich habe telefoniert;telefonirati;Telefonirao je svojoj majci.;Er telefoniert mit seiner Mutter.;Er telefonierte mit seiner Mutter.;Er hat mit seiner Mutter telefoniert.
Verb;;töten;ich töte / ich tötete / ich habe getötet;ubiti;Ubila je muhu.;Sie tötet eine Fliege.;Sie tötete eine Fliege.;Sie hat eine Fliege getötet.
Verb;;tragen;ich trage / ich trug / ich habe getragen;nositi;Nosio je tešku torbu.;Er trägt eine schwere Tasche.;Er trug eine schwere Tasche.;Er hat eine schwere Tasche getragen.
Verb;;träumen;ich träume / ich träumte / ich habe geträumt;sanjati;Sanjali su o boljoj budućnosti.;Sie träumen von einer besseren Zukunft.;Sie träumten von einer besseren Zukunft.;Sie haben von einer besseren Zukunft geträumt.
Verb;;treffen;ich treffe / ich traf / ich habe getroffen;naći se s nekim;Sastali smo se na kolodvoru.;Wir treffen uns am Bahnhof.;Wir trafen uns am Bahnhof.;Wir haben uns am Bahnhof getroffen.
Verb;;trennen ;ich trenne / ich trennte / ich habe getrennt;odvojiti;Rastali su se nakon pet godina.;Sie trennen sich nach fünf Jahren.;Sie trennten sich nach fünf Jahren.;Sie haben sich nach fünf Jahren getrennt.
Verb;;treten;ich trete / ich trat / ich bin getreten;nagaziti;Krenuo je nogom prema lopti.;Er tritt gegen den Ball.;Er trat gegen den Ball.;Er hat gegen den Ball getreten.
Verb;;trinken;ich trinke / ich trank / ich habe getrunken;piti;Pijemo kavu ujutro.;Sie trinken Kaffee am Morgen.;Sie tranken Kaffee am Morgen.;Sie haben am Morgen Kaffee getrunken.
Verb;;tun;ich tue / ich tat / ich habe getan;obavljati;Davao sam najbolje od sebe.;Ich tue mein Bestes.;Ich tat mein Bestes.;Ich habe mein Bestes getan.
Verb;;üben;ich übe / ich übte / ich habe geübt;vježbati;Svaki dan vježba klavir.;Er übt das Klavier täglich.;Er übte das Klavier täglich.;Er hat das Klavier täglich geübt.
Verb;;überholen;ich überhole / ich überholte / ich habe überholt;prestići / preteći;Prešli su pored sporijeg automobila.;Sie überholen das langsamere Auto.;Sie überholten das langsamere Auto.;Sie haben das langsamere Auto überholt.
Verb;;überlaufen;ich laufe über / ich lief über / ich bin übergelaufen;pregaziti / prijeći preko;Bačva je preplavila.;Das Fass läuft über.;Das Fass lief über.;Das Fass ist übergelaufen.
Verb;;übermitteln ;ich übermittle / ich übermittelte / ich habe übermittelt;uručiti;Brzo je prenio poruku.;Er übermittelt die Nachricht schnell.;Er übermittelte die Nachricht schnell.;Er hat die Nachricht schnell übermittelt.
Verb;;übernehmen;ich übernehme / ich übernahm / ich habe übernommen ;preuzeti;Preuzeli su odgovornost.;Sie übernehmen die Verantwortung.;Sie übernahmen die Verantwortung.;Sie haben die Verantwortung übernommen.
Verb;;überraschen;ich überrasche / ich überraschte / ich habe überrascht;iznenaditi;Iznenadio je poklonom.;Er überrascht sie mit einem Geschenk.;Er überraschte sie mit einem Geschenk.;Er hat sie mit einem Geschenk überrascht.
Verb;;übersetzen;ich übersetze / ich übersetzte / ich habe übersetzt;prevesti;Preveo sam tekst na njemački.;Ich übersetze den Text ins Deutsche.;Ich übersetzte den Text ins Deutsche.;Ich habe den Text ins Deutsche übersetzt.
Verb;;umfassen ;ich umfasse / ich umfasste / ich habe umfasst;obuhvatiti / obuzeti / uključiti;Tečaj je obuhvatio mnoge teme.;Der Kurs umfasst viele Themen.;Der Kurs umfasste viele Themen.;Der Kurs hat viele Themen umfasst.
Verb;;umsteigen;ich steige um / ich stieg um / ich bin umgestiegen;presjedati;Prešli su u vlak.;Sie steigen in den Zug um.;Sie stiegen in den Zug um.;Sie sind in den Zug umgestiegen.
Verb;;umziehen;ich ziehe um / ich zog um / ich bin umgezogen;preseliti;Ubrzo smo se preselili u novi stan.;Wir ziehen bald in eine neue Wohnung um.;Wir zogen bald in eine neue Wohnung um.;Wir sind bald in eine neue Wohnung umgezogen.
Verb;;unterhalten;ich unterhalte / ich unterhielt / ich habe unterhalten;zabaviti / uzdržavati;Dugo su razgovarali.;Sie unterhalten sich lange.;Sie unterhielten sich lange.;Sie haben sich lange unterhalten.
Verb;;unterschieden ;ich unterscheide / ich unterschied / ich habe unterschieden;razlikovati;Odrasli su se znatno razlikovali od brata.;Er unterscheidet sich deutlich von seinem Bruder.;Er unterschied sich deutlich von seinem Bruder.;Er hat sich deutlich von seinem Bruder unterschieden.
Verb;;untertauchen ;ich tauche unter / ich tauchte unter / ich bin untergetaucht;uroniti / zaroniti;Zaronili su da bi promatrali ribe.;Sie tauchen unter, um Fische zu beobachten.;Sie tauchten unter, um Fische zu beobachten.;Sie sind untergetaucht, um Fische zu beobachten.
Verb;;verändern;ich verändere / ich veränderte / ich habe verändert;promijeniti;Promijenila je svoju frizuru.;Sie verändert ihre Frisur.;Sie veränderte ihre Frisur.;Sie hat ihre Frisur verändert.
Verb;;verarbeiten ;ich verarbeite / ich verarbeitete / ich habe verarbeitet;obraditi / preraditi;Obradio je podatke na računalu.;Er verarbeitet die Daten im Computer.;Er verarbeitete die Daten im Computer.;Er hat die Daten im Computer verarbeitet.
Verb;;verbieten;ich verbiete / ich verbot / ich habe verboten;zabraniti;Zabranio mi je da to radim.;Er verbietet mir, das zu tun.;Er verbot mir, das zu tun.;Er hat mir verboten, das zu tun.
Verb;;verbessern;ich verbessere / ich verbesserte / ich habe verbessert;poboljšati;Poboljšali su svoje jezične vještine.;Sie verbessern ihre Sprachkenntnisse.;Sie verbesserten ihre Sprachkenntnisse.;Sie haben ihre Sprachkenntnisse verbessert.
Verb;;verbinden ;ich verbinde / ich verband / ich habe verbunden;spojiti / povezati / zavezati / zaviti;Povezali su telefon s internetom.;Wir verbinden das Telefon mit dem Internet.;Wir verbanden das Telefon mit dem Internet.;Wir haben das Telefon mit dem Internet verbunden.
Verb;;verbringen;ich verbringe / ich verbrachte / ich habe verbracht;provesti;Proveo je ljeto na plaži.;Er verbringt den Sommer am Strand.;Er verbrachte den Sommer am Strand.;Er hat den Sommer am Strand verbracht.
Verb;;verdienen;ich verdiene / ich verdiente / ich habe verdient;zaraditi;Zarađivali su puno novca svojim radom.;Sie verdienen viel Geld mit ihrer Arbeit.;Sie verdienten viel Geld mit ihrer Arbeit.;Sie haben viel Geld mit ihrer Arbeit verdient.
Verb;;verdoppeln ;ich verdopple / ich verdoppelte / ich habe verdoppelt;udvostručiti;Udvostručio je svoje napore.;Er verdoppelt seine Bemühungen.;Er verdoppelte seine Bemühungen.;Er hat seine Bemühungen verdoppelt.
Verb;;vergessen;ich vergesse / ich vergaß / ich habe vergessen;zaboraviti;Uvijek su zaboravljali ključ.;Sie vergessen immer den Schlüssel.;Sie vergaßen immer den Schlüssel.;Sie haben immer den Schlüssel vergessen.
Verb;;verkaufen;ich verkaufe / ich verkaufte / ich habe verkauft;prodati;Prodali smo svoj stari auto.;Wir verkaufen unser altes Auto.;Wir verkauften unser altes Auto.;Wir haben unser altes Auto verkauft.
Verb;;verlangen;ich verlange / ich verlangte / ich habe verlangt;zahtjevati;Zatražili su objašnjenje.;Sie verlangen eine Erklärung.;Sie verlangten eine Erklärung.;Sie haben eine Erklärung verlangt.
Verb;;verlassen;ich verlasse / ich verließ / ich habe verlassen;osloniti se na nekoga / ostaviti / napustiti;Napustio je kuću u 8 sati.;Er verlässt das Haus um 8 Uhr.;Er verließ das Haus um 8 Uhr.;Er hat das Haus um 8 Uhr verlassen.
Verb;;verlaufen;es verläuft / es verlief / es ist verlaufen;razlijevati se / ići / pružati se / otići / odviti se;Put je prolazio kroz šumu.;Der Weg verläuft durch den Wald.;Der Weg verlief durch den Wald.;Der Weg ist durch den Wald verlaufen.
Verb;;verletzen;ich verletze / ich verletzte / ich habe verletzt;povrijediti / ozlijediti;Ozlijedio se tijekom sporta.;Er verletzt sich beim Sport.;Er verletzte sich beim Sport.;Er hat sich beim Sport verletzt.
Verb;;verlieren;ich verliere / ich verlor / ich habe verloren;izgubiti;Izgubili su utakmicu.;Sie verlieren das Spiel.;Sie verloren das Spiel.;Sie haben das Spiel verloren.
Verb;;vermerken ;ich vermerke / ich vermerkte / ich habe vermerkt;ubilježiti / upisati / markirati;Zabilježili smo datum u kalendaru.;Wir vermerken das Datum im Kalender.;Wir vermerkten das Datum im Kalender.;Wir haben das Datum im Kalender vermerkt.
Verb;;vermieten;ich vermiete / ich vermietete / ich habe vermietet;iznajmiti;Iznajmili su svoj stan.;Sie vermieten ihre Wohnung.;Sie vermieteten ihre Wohnung.;Sie haben ihre Wohnung vermietet.
Verb;;versprechen;ich verspreche / ich versprach / ich habe versprochen;obećati;Obećao je da će biti točan.;Er verspricht, pünktlich zu sein.;Er versprach, pünktlich zu sein.;Er hat versprochen, pünktlich zu sein.
Verb;;verstehen;ich verstehe / iche verstand / ich habe verstanden;razumjeti;Nisam razumio problem.;Er verspricht, pünktlich zu sein.;Ich verstand das Problem nicht.;Ich habe das Problem nicht verstanden.
Verb;;versuchen;ich versuche / ich versuchte / ich habe versucht;pokušati;Pokušali su pronaći grešku.;Sie versuchen, den Fehler zu finden.;Sie versuchten, den Fehler zu finden.;Sie haben versucht, den Fehler zu finden.
Verb;;verteidigen;ich verteidige / ich verteidigte / ich habe verteidigt;braniti;Branio je svoje mišljenje.;Er verteidigt seine Meinung.;Er verteidigte seine Meinung.;Er hat seine Meinung verteidigt.
Verb;;vertreten ;ich vertrete / ich vertrat / ich habe vertreten;zamijeniti / zastupiti;Predstavili su firmu na konferenciji.;Sie vertreten die Firma bei der Konferenz.;Sie vertraten die Firma bei der Konferenz.;Sie haben die Firma bei der Konferenz vertreten.
Verb;;verwenden ;ich verwende / ich verwendete / ich habe verwendet;upotrijebiti / uporabiti / koristiti;Često smo koristili ovu metodu.;Wir verwenden diese Methode oft.;Wir verwendeten diese Methode oft.;Wir haben diese Methode oft verwendet.
Verb;;vollstrecken ;ich vollstrecke / ich vollstreckte / ich habe vollstreckt;izvršiti;Presuda je izvršena.;Das Gericht wird vollstreckt.;Das Gericht wurde vollstreckt.;Das Gericht ist vollstreckt worden.
Verb;;vorbereiten;ich bereite vor / ich bereitete vor / ich habe vorbereitet;pripremiti;Pripremio je obrok.;Er bereitet das Essen vor.;Er bereitete das Essen vor.;Er hat das Essen vorbereitet.
Verb;;vorhaben;ich habe vor / ich hatte vor / ich habe vorgehabt;namjeravati;Planirali su otići u kino.;Sie haben vor, ins Kino zu gehen.;Sie hatten vor, ins Kino zu gehen.;Sie haben vor, ins Kino zu gehen.
Verb;;vorschlagen;ich schlage vor / ich schlug vor / ich habe vorgeschlagen;predložiti;Predložio je da napravimo pauzu.;Er schlägt vor, eine Pause zu machen.;Er schlug vor, eine Pause zu machen.;Er hat vorgeschlagen, eine Pause zu machen.
Verb;;vorweisen ;ich weise vor / ich wies vor / ich habe vorgewiesen;prikazati;Pokazali su svoj rad.;Sie weist ihre Arbeit vor.;Sie wiesen ihre Arbeit vor.;Sie haben ihre Arbeit vorgewiesen.
Verb;;wachsen ;ich wachse / ich wuchs / ich bin gewachsen;rasti / porasti;Biljke brzo rastu u proljeće.;Die Pflanzen wachsen schnell im Frühling.;Die Pflanzen wuchsen schnell im Frühling.;Die Pflanzen sind schnell im Frühling gewachsen.
Verb;;wählen;ich wähle / ich wählte / ich habe gewählt;izabrati;Izabrali su novog predsjednika.;Sie wählen den neuen Präsidenten.;Sie wählten den neuen Präsidenten.;Sie haben den neuen Präsidenten gewählt.
Verb;;warten;ich warte / ich wartete / ich habe gewartet;čekati;Čekao je autobus.;Er wartet auf den Bus.;Er wartete auf den Bus.;Er hat auf den Bus gewartet.
Verb;;waschen;ich wasche / ich wusch / ich habe gewaschen;prati;Oprali su auto.;Sie waschen das Auto.;Sie wuschen das Auto.;Sie haben das Auto gewaschen.
Verb;;wechseln;ich wechsle / ich wechselte / ich habe gewechselt;promijeniti;Promijenili smo temu.;Wir wechseln das Thema.;Wir wechselten das Thema.;Wir haben das Thema gewechselt.
Verb;;wecken;ich wecke / ich weckte / ich habe geweckt;probuditi;Svako jutro me budi.;Er weckt mich jeden Morgen.;Er weckte mich jeden Morgen.;Er hat mich jeden Morgen geweckt.
Verb;;weinen;ich weine / ich weinte / ich habe geweint;plakati;Često plače na tužnim filmovima.;Sie weint oft bei traurigen Filmen.;Sie weinte oft bei traurigen Filmen.;Sie hat oft bei traurigen Filmen geweint.
Verb;;werden;ich werde / ich wurde / ich bin geworden;postati;Uskoro će pasti kiša.;Es wird bald regnen.;Es wurde bald regnen.;Es wird bald geregnet haben.
Verb;;wiederholen;ich wiederhole / ich wiederholte / ich habe wiederholt;ponoviti;Ponovio sam pitanje.;Ich wiederhole die Frage.;Ich wiederholte die Frage.;Ich habe die Frage wiederholt.
Verb;;wissen;ich weiß / ich wusste / ich habe gewusst;znati;Znao je odgovor.;Er weiß die Antwort.;Er wusste die Antwort.;Er hat die Antwort gewusst.
Verb;;wohnen;ich wohne / ich wohnte / ich habe gewohnt;stanovati / boraviti;Živjeli smo u malom selu.;Wir wohnen in einem kleinen Dorf.;Wir wohnten in einem kleinen Dorf.;Wir haben in einem kleinen Dorf gewohnt.
Verb;;wollen ;ich will / ich wollte / ich habe gewollt;htjeti / željeti;Htjeli su kupiti novo auto.;Sie wollen ein neues Auto kaufen.;Sie wollten ein neues Auto kaufen.;Sie haben ein neues Auto kaufen wollen.
Verb;;sich wundern;ich wundere mich / ich wunderte mich / ich habe mich gewundert;čuditi se;Iznervirala ga je vijest.;Er wundert sich über die Nachricht.;Er wunderte sich über die Nachricht.;Er hat sich über die Nachricht gewundert.
Verb;;wünschen;ich wünsche / ich wünschte / ich habe gewünscht;željeti;Poželjeli smo ti svu sreću.;Wir wünschen dir alles Gute.;Wir wünschten dir alles Gute.;Wir haben dir alles Gute gewünscht.
Verb;;zählen;ich zähle / ich zählte / ich habe gezählt;brojati;Prebrojali su novac.;Sie zählen das Geld.;Sie zählten das Geld.;Sie haben das Geld gezählt.
Verb;;zanken;ich zanke / ich zankte / ich habe gezankt;svađati (se);Djeca su se svađala oko igračke.;Die Kinder zanken sich um das Spielzeug.;Die Kinder zankten sich um das Spielzeug.;Die Kinder haben sich um das Spielzeug gezankt.
Verb;;zeigen;ich zeige / ich zeigte / ich habe gezeigt;pokazati;Pokazao mi je put.;Er zeigt mir den Weg.;Er zeigte mir den Weg.;Er hat mir den Weg gezeigt.
Verb;;ziehen;ich ziehe / ich zog / ich habe gezogen;vući;Preselili su se u novi grad.;Sie ziehen in eine neue Stadt.;Sie zogen in eine neue Stadt.;Sie sind in eine neue Stadt gezogen.
Verb;;zögern;ich zögere / ich zögerte / ich habe gezögert;oklijevati;Oklijevao je donijeti odluku.;Er zögert, die Entscheidung zu treffen.;Er zögerte, die Entscheidung zu treffen.;Er hat gezögert, die Entscheidung zu treffen.
Verb;;zurückgeben;ich gebe zurück / ich gab zurück / ich habe zurückgegeben;vratiti;Vratila je knjigu.;Sie gibt das Buch zurück.;Sie gab das Buch zurück.;Sie hat das Buch zurückgegeben.
Verb;;zurückkommen;ich komme zurück / ich kam zurück / ich bin zurückgekommen;vratiti (se);Vratio se sutra.;Er kommt morgen zurück.;Er kam morgen zurück.;Er ist morgen zurückgekommen.
Verb;;zurückweisen ;ich weise zurück / ich wies zurück / ich habe zurückgewiesen;odbiti / odbaciti;Odbacili su optužbu.;Wir weisen die Anschuldigung zurück.;Wir wiesen die Anschuldigung zurück.;Wir haben die Anschuldigung zurückgewiesen.
Verb;;zustimmen;ich stimme zu / ich stimmte zu / ich habe zugestimmt;složiti se;Pristali su na prijedlog.;Sie stimmen dem Vorschlag zu.;Sie stimmten dem Vorschlag zu.;Sie haben dem Vorschlag zugestimmt.
